meshcode,feature,featureName,property,propetyName,sourceName,authority,date,dateType,srs,mapLevel,URL
,bldg:Building,,gml:name,,国土基本情報（2023年度）（国土地理院長承認（使用）令05企指公第67号）,国土地理院,2023,002,"JGD2000/（B,L）",2500;25000,https://net.jmc.or.jp/mapdata/gsi_online/dkg.html
,bldg:Building,,gml:name,,国土数値情報（駅）,国土交通省,2022,002,"JGD2011 / （B, L）",25000,https://nlftp.mlit.go.jp/ksj/gml/datalist/KsjTmplt-N02-v3_1.html
,bldg:Building,,gen:stringAttribute.gen:value,延べ面積換算係数,建物利用現況調査（東京都）（2022年度）,東京都,2022,001,"JGD2011/9（X,Y）",,
,bldg:Building,,gen:stringAttribute.gen:value,説明注記,建物利用現況調査（東京都）（2022年度）,東京都,2022,001,"JGD2011/9（X,Y）",,
,bldg:Building,,gen:stringAttribute.gen:value,大字・町コード,建物利用現況調査（東京都）（2022年度）,東京都,2022,001,"JGD2011/9（X,Y）",,
,bldg:Building,,gen:stringAttribute.gen:value,町・丁目コード ,建物利用現況調査（東京都）（2022年度）,東京都,2022,001,"JGD2011/9（X,Y）",,
,bldg:Building,,gen:stringAttribute.gen:value,13+区市町村コード+大字・町コード+町・丁目コード,建物利用現況調査（東京都）（2022年度）,東京都,2022,001,"JGD2011/9（X,Y）",,
,bldg:Building,,gen:stringAttribute.gen:value,地区計画,都市計画決定情報GISデータ,東京都,2021,001,"JGD2011/9（X,Y）",2500,
,bldg:Building,,bldg:class,,東京都2500地形図(平成27年版)数値地形図（東京都・ミッドマップ東京）（2021年度）（撮影2018年度）,東京都;ミッドマップ東京,2021,001,"JGD2011/9（X,Y）",2500,
,bldg:Building,,bldg:usage,,建物利用現況調査（東京都）（2022年度）,東京都,2022,001,"JGD2011/9（X,Y）",2500,
,bldg:Building,,bldg:measuredHeight,,縮尺1／2500地形図（東京都・ミッドマップ東京）（2021年度）（撮影2018年度）,東京都;ミッドマップ東京,2021,001,,,
,bldg:Building,,bldg:measuredHeight,,航空レーザ測量（国土交通省）（2020年度）,国土交通省,2020,001,,,
,bldg:Building,,bldg:measuredHeight,,航空レーザ測量（東京都）（2023年度）,東京都,2023,001,"JGD2011/9（X,Y）",,
,bldg:Building,,bldg:storeysAboveGround,,建物利用現況調査（東京都）（2022年度）,東京都,2022,001,"JGD2011/9（X,Y）",2500,
,bldg:Building,,bldg:storeysBelowGround,,建物利用現況調査（東京都）（2022年度）,東京都,2022,001,"JGD2011/9（X,Y）",2500,
,bldg:Building,,bldg:lod0RoofEdge,,縮尺1／2500地形図（東京都・ミッドマップ東京）（2021年度）（撮影2018年度）,東京都;ミッドマップ東京,2021,001,,,
,bldg:Building,,bldg:lod1Solid,,縮尺1／2500地形図（東京都・ミッドマップ東京）（2021年度）（撮影2018年度）,東京都;ミッドマップ東京,2021,001,,,
,bldg:Building,,bldg:lod2Solid,,航空レーザ測量（国土交通省）（2020年度）,国土交通省,2020,001,,,
,bldg:Building,,bldg:lod2Solid,,航空レーザ測量（東京都）（2023年度）,東京都,2023,001,"JGD2011/9（X,Y）",,
,bldg:Building,,bldg:address,,建物利用現況調査（東京都）（2022年度）,東京都,2022,001,"JGD2011/9（X,Y）",2500,
,bldg:Building,,uro:BuildingDetailAttribute.uro:buildingRoofEdgeArea,,建物利用現況調査（東京都）（2022年度）,東京都,2022,001,"JGD2011/9（X,Y）",2500,
,bldg:Building,,uro:BuildingDetailAttribute.uro:fireproofStructureType,,建物利用現況調査（東京都）（2022年度）,東京都,2022,001,"JGD2011/9（X,Y）",2500,
,bldg:Building,,uro:BuildingDetailAttribute.uro:areaClassificationType,,都市計画決定情報GISデータ,東京都,2021,001,"JGD2011/9（X,Y）",2500,
,bldg:Building,,uro:BuildingDetailAttribute.uro:districtsAndZonesType,,都市計画決定情報GISデータ,東京都,2021,001,"JGD2011/9（X,Y）",2500,
,bldg:Building,,uro:BuildingDetailAttribute.uro:landUseType,,土地利用現況調査（東京都）（2022年度）,東京都,2022,001,"JGD2011/9（X,Y）",2500,
,bldg:Building,,uro:BuildingDetailAttribute.uro:detailedUsage,,建物利用現況調査（東京都）（2022年度）,東京都,2022,001,"JGD2011/9（X,Y）",2500,
,bldg:Building,,uro:BuildingDetailAttribute.uro:specifiedBuildingCoverageRate,,建物利用現況調査（東京都）（2022年度）,東京都,2022,001,"JGD2011/9（X,Y）",2500,
,bldg:Building,,uro:BuildingDetailAttribute.uro:specifiedFloorAreaRate,,建物利用現況調査（東京都）（2022年度）,東京都,2022,001,"JGD2011/9（X,Y）",2500,
,bldg:Building,,uro:BuildingDetailAttribute.uro:surveyYear,,建物利用現況調査（東京都）（2022年度）,東京都,2022,001,"JGD2011/9（X,Y）",2500,
,bldg:Building,,uro:BuildingRiverFloodingRiskAttribute.uro:description,,神田川流域浸水予想区域図,都市型水害対策連絡会（神田川流域）,2018-03-30,001,"JGD2000/（B,L）",,
,bldg:Building,,uro:BuildingRiverFloodingRiskAttribute.uro:description,,荒川水系神田川、善福寺川、妙正寺川洪水浸水想定区域図,東京都,2018-03-30,001,"JGD2000/（B,L）",,
,bldg:Building,,uro:BuildingRiverFloodingRiskAttribute.uro:description,,隅田川及び新河岸川流域浸水予想区域図,都市型水害対策連絡会（隅田川及び新河岸川流域）,2018-03-30,001,"JGD2000/（B,L）",,
,bldg:Building,,uro:BuildingRiverFloodingRiskAttribute.uro:rank,,神田川流域浸水予想区域図,都市型水害対策連絡会（神田川流域）,2018-03-30,001,"JGD2000/（B,L）",,
,bldg:Building,,uro:BuildingRiverFloodingRiskAttribute.uro:rank,,荒川水系神田川、善福寺川、妙正寺川洪水浸水想定区域図,東京都,2018-03-30,001,"JGD2000/（B,L）",,
,bldg:Building,,uro:BuildingRiverFloodingRiskAttribute.uro:rank,,隅田川及び新河岸川流域浸水予想区域図,都市型水害対策連絡会（隅田川及び新河岸川流域）,2018-03-30,001,"JGD2000/（B,L）",,
,bldg:Building,,uro:BuildingRiverFloodingRiskAttribute.uro:depth,,神田川流域浸水予想区域図,都市型水害対策連絡会（神田川流域）,2018-03-30,001,"JGD2000/（B,L）",,
,bldg:Building,,uro:BuildingRiverFloodingRiskAttribute.uro:depth,,荒川水系神田川、善福寺川、妙正寺川洪水浸水想定区域図,東京都,2018-03-30,001,"JGD2000/（B,L）",,
,bldg:Building,,uro:BuildingRiverFloodingRiskAttribute.uro:depth,,隅田川及び新河岸川流域浸水予想区域図,都市型水害対策連絡会（隅田川及び新河岸川流域）,2018-03-30,001,"JGD2000/（B,L）",,
,bldg:Building,,uro:BuildingRiverFloodingRiskAttribute.uro:adminType,,神田川流域浸水予想区域図,都市型水害対策連絡会（神田川流域）,2018-03-30,001,"JGD2000/（B,L）",,
,bldg:Building,,uro:BuildingRiverFloodingRiskAttribute.uro:adminType,,荒川水系神田川、善福寺川、妙正寺川洪水浸水想定区域図,東京都,2018-03-30,001,"JGD2000/（B,L）",,
,bldg:Building,,uro:BuildingRiverFloodingRiskAttribute.uro:adminType,,隅田川及び新河岸川流域浸水予想区域図,都市型水害対策連絡会（隅田川及び新河岸川流域）,2018-03-30,001,"JGD2000/（B,L）",,
,bldg:Building,,uro:BuildingRiverFloodingRiskAttribute.uro:scale,,神田川流域浸水予想区域図,都市型水害対策連絡会（神田川流域）,2018-03-30,001,"JGD2000/（B,L）",,
,bldg:Building,,uro:BuildingRiverFloodingRiskAttribute.uro:scale,,荒川水系神田川、善福寺川、妙正寺川洪水浸水想定区域図,東京都,2018-03-30,001,"JGD2000/（B,L）",,
,bldg:Building,,uro:BuildingRiverFloodingRiskAttribute.uro:scale,,隅田川及び新河岸川流域浸水予想区域図,都市型水害対策連絡会（隅田川及び新河岸川流域）,2018-03-30,001,"JGD2000/（B,L）",,
,bldg:Building,,uro:BuildingRiverFloodingRiskAttribute.uro:duration,,神田川流域浸水予想区域図,都市型水害対策連絡会（神田川流域）,2018-03-30,001,"JGD2000/（B,L）",,
,bldg:Building,,uro:BuildingRiverFloodingRiskAttribute.uro:duration,,荒川水系神田川、善福寺川、妙正寺川洪水浸水想定区域図,東京都,2018-03-30,001,"JGD2000/（B,L）",,
,bldg:Building,,uro:BuildingRiverFloodingRiskAttribute.uro:duration,,隅田川及び新河岸川流域浸水予想区域図,都市型水害対策連絡会（隅田川及び新河岸川流域）,2018-03-30,001,"JGD2000/（B,L）",,
,bldg:Building,,uro:BuildingLandSlideRiskAttribute.uro:description,,東京都土砂災害警戒区域データ,東京都,2023,001,"JGD2011/9（X,Y）",2500,
,bldg:Building,,uro:BuildingLandSlideRiskAttribute.uro:areaType,,東京都土砂災害警戒区域データ,東京都,2023,001,"JGD2011/9（X,Y）",2500,
,bldg:Building,,uro:keyValuePairAttribute.uro:KeyValuePair,建物構造コード,建物利用現況調査（東京都）（2022年度）,東京都,2022,001,"JGD2011/9（X,Y）",2500,
,bldg:Building,,uro:keyValuePairAttribute.uro:KeyValuePair,延べ面積換算コード,建物利用現況調査（東京都）（2022年度）,東京都,2022,001,"JGD2011/9（X,Y）",2500,
,bldg:Building,,uro:keyValuePairAttribute.uro:KeyValuePair,変化フラグ,建物利用現況調査（東京都）（2022年度）,東京都,2022,001,"JGD2011/9（X,Y）",2500,
,bldg:Building,,uro:keyValuePairAttribute.uro:KeyValuePair,過年度修正フラグ,建物利用現況調査（東京都）（2022年度）,東京都,2022,001,"JGD2011/9（X,Y）",2500,
,bldg:Building,,uro:keyValuePairAttribute.uro:KeyValuePair,調整フラグ,建物利用現況調査（東京都）（2022年度）,東京都,2022,001,"JGD2011/9（X,Y）",2500,
,bldg:Building,,uro:keyValuePairAttribute.uro:KeyValuePair,高度地区,都市計画決定情報GISデータ,東京都,2021,001,"JGD2011/9（X,Y）",2500,
,bldg:Building,,uro:keyValuePairAttribute.uro:KeyValuePair,防火及び準防火地域,都市計画決定情報GISデータ,東京都,2021,001,"JGD2011/9（X,Y）",2500,
,bldg:Building,,uro:keyValuePairAttribute.uro:KeyValuePair,建物修正フラグ,建物利用現況調査（東京都）（2022年度）,東京都,2022,001,"JGD2011/9（X,Y）",2500,
,luse:LandUse,,gen:stringAttribute.gen:value,大字・町コード,土地利用現況調査（東京都）（2022年度）,東京都,2022,001,"JGD2011/9（X,Y）",2500,
,luse:LandUse,,gen:stringAttribute.gen:value,町・丁目コード,土地利用現況調査（東京都）（2022年度）,東京都,2022,001,"JGD2011/9（X,Y）",2500,
,luse:LandUse,,gen:stringAttribute.gen:value,13+区市町村コード+大字・町コード+町・丁目コード,土地利用現況調査（東京都）（2022年度）,東京都,2022,001,"JGD2011/9（X,Y）",2500,
,luse:LandUse,,gen:stringAttribute.gen:value,区市町村名称,土地利用現況調査（東京都）（2022年度）,東京都,2022,001,"JGD2011/9（X,Y）",2500,
,luse:LandUse,,gen:stringAttribute.gen:value,町丁目名称,土地利用現況調査（東京都）（2022年度）,東京都,2022,001,"JGD2011/9（X,Y）",2500,
,luse:LandUse,,gen:stringAttribute.gen:value,変化フラグ,土地利用現況調査（東京都）（2022年度）,東京都,2022,001,"JGD2011/9（X,Y）",2500,
,luse:LandUse,,gen:stringAttribute.gen:value,過年度修正フラグ,土地利用現況調査（東京都）（2022年度）,東京都,2022,001,"JGD2011/9（X,Y）",2500,
,luse:LandUse,,gen:stringAttribute.gen:value,土地修正フラグ,土地利用現況調査（東京都）（2022年度）,東京都,2022,001,"JGD2011/9（X,Y）",2500,
,luse:LandUse,,luse:class,,土地利用現況調査（東京都）（2022年度）,東京都,2022,001,"JGD2011/9（X,Y）",2500,
,luse:LandUse,,uro:LandUseDetailAttribute.uro:orgLandUse,,土地利用現況調査（東京都）（2022年度）,東京都,2022,001,"JGD2011/9（X,Y）",2500,
,luse:LandUse,,uro:LandUseDetailAttribute.uro:nominalArea,,土地利用現況調査（東京都）（2022年度）,東京都,2022,001,"JGD2011/9（X,Y）",2500,
,luse:LandUse,,uro:LandUseDetailAttribute.uro:areaInSquareMeter,,土地利用現況調査（東京都）（2022年度）,東京都,2022,001,"JGD2011/9（X,Y）",2500,
,luse:LandUse,,uro:LandUseDetailAttribute.uro:areaInHa,,土地利用現況調査（東京都）（2022年度）,東京都,2022,001,"JGD2011/9（X,Y）",2500,
,luse:LandUse,,uro:LandUseDetailAttribute.uro:surveyYear,,土地利用現況調査（東京都）（2022年度）,東京都,2022,001,"JGD2011/9（X,Y）",2500,
,tran:Road,,gml:name,,国土数値情報（高速道路時系列データ）,国土交通省,2022,002,"JGD2011 / （B, L）",,
,tran:Road,,gml:name,,東京都2500地形図(平成27年版)数値地形図（東京都・ミッドマップ東京）（2021年度）（撮影2018年度）,東京都;ミッドマップ東京,2021,001,"JGD2011/9（X,Y）",2500,
,tran:Road,,tran:class,,東京都2500地形図(平成27年版)数値地形図（東京都・ミッドマップ東京）（2021年度）（撮影2018年度）,東京都;ミッドマップ東京,2021,001,"JGD2011/9（X,Y）",2500,
,tran:Road,,tran:function,,国土基本情報（2023年度）（国土地理院長承認（使用）令05企指公第67号）,国土地理院,2023,002,"JGD2000/（B,L）",2500;25000,https://net.jmc.or.jp/mapdata/gsi_online/dkg.html
,tran:Road,,tran:usage,,国土数値情報（緊急輸送道路データ）,国土交通省,2020,002,"JGD2011 / （B, L）",,
,tran:Road,,uro:RoadStructureAttribute.uro:sectionType,,東京都2500地形図(平成27年版)数値地形図（東京都・ミッドマップ東京）（2021年度）（撮影2018年度）,東京都;ミッドマップ東京,2021,001,"JGD2011/9（X,Y）",2500,
,tran:TrafficArea,,tran:function,,国土基本情報（2023年度）（国土地理院長承認（使用）令05企指公第67号）,国土地理院,2023,002,"JGD2000/（B,L）",2500;25000,https://net.jmc.or.jp/mapdata/gsi_online/dkg.html
,tran:Track,,gml:name,,国土数値情報（高速道路時系列データ）,国土交通省,2022,002,"JGD2011 / （B, L）",,
,tran:Track,,gml:name,,東京都2500地形図(平成27年版)数値地形図（東京都・ミッドマップ東京）（2021年度）（撮影2018年度）,東京都;ミッドマップ東京,2021,001,"JGD2011/9（X,Y）",2500,
,tran:Track,,tran:class,,東京都2500地形図(平成27年版)数値地形図（東京都・ミッドマップ東京）（2021年度）（撮影2018年度）,東京都;ミッドマップ東京,2021,001,"JGD2011/9（X,Y）",2500,
,tran:Track,,tran:function,,国土基本情報（2023年度）（国土地理院長承認（使用）令05企指公第67号）,国土地理院,2023,002,"JGD2000/（B,L）",2500;25000,https://net.jmc.or.jp/mapdata/gsi_online/dkg.html
,tran:Track,,(tran:usage),,国土数値情報（緊急輸送道路データ）,国土交通省,2020,002,"JGD2011 / （B, L）",,
,wtr:WaterBody,,gml:name,,神田川流域浸水予想区域図,都市型水害対策連絡会（神田川流域）,2018-03-30,001,"JGD2000/（B,L）",,
,wtr:WaterBody,,gml:name,,荒川水系神田川、善福寺川、妙正寺川洪水浸水想定区域図,東京都,2018-03-30,001,"JGD2000/（B,L）",,
,wtr:WaterBody,,gml:name,,隅田川及び新河岸川流域浸水予想区域図,都市型水害対策連絡会（隅田川及び新河岸川流域）,2018-03-30,001,"JGD2000/（B,L）",,
,wtr:WaterBody,,wtr:class,,神田川流域浸水予想区域図,都市型水害対策連絡会（神田川流域）,2018-03-30,001,"JGD2000/（B,L）",,
,wtr:WaterBody,,wtr:class,,荒川水系神田川、善福寺川、妙正寺川洪水浸水想定区域図,東京都,2018-03-30,001,"JGD2000/（B,L）",,
,wtr:WaterBody,,wtr:class,,隅田川及び新河岸川流域浸水予想区域図,都市型水害対策連絡会（隅田川及び新河岸川流域）,2018-03-30,001,"JGD2000/（B,L）",,
,wtr:WaterBody,,wtr:function,,神田川流域浸水予想区域図,都市型水害対策連絡会（神田川流域）,2018-03-30,001,"JGD2000/（B,L）",,
,wtr:WaterBody,,wtr:function,,荒川水系神田川、善福寺川、妙正寺川洪水浸水想定区域図,東京都,2018-03-30,001,"JGD2000/（B,L）",,
,wtr:WaterBody,,wtr:function,,隅田川及び新河岸川流域浸水予想区域図,都市型水害対策連絡会（隅田川及び新河岸川流域）,2018-03-30,001,"JGD2000/（B,L）",,
,wtr:WaterBody,,uro:WaterBodyRiverFloodingRiskAttribute.uro:description,,神田川流域浸水予想区域図,都市型水害対策連絡会（神田川流域）,2018-03-30,001,"JGD2000/（B,L）",,
,wtr:WaterBody,,uro:WaterBodyRiverFloodingRiskAttribute.uro:description,,荒川水系神田川、善福寺川、妙正寺川洪水浸水想定区域図,東京都,2018-03-30,001,"JGD2000/（B,L）",,
,wtr:WaterBody,,uro:WaterBodyRiverFloodingRiskAttribute.uro:description,,隅田川及び新河岸川流域浸水予想区域図,都市型水害対策連絡会（隅田川及び新河岸川流域）,2018-03-30,001,"JGD2000/（B,L）",,
,wtr:WaterBody,,uro:WaterBodyRiverFloodingRiskAttribute.uro:rank,,神田川流域浸水予想区域図,都市型水害対策連絡会（神田川流域）,2018-03-30,001,"JGD2000/（B,L）",,
,wtr:WaterBody,,uro:WaterBodyRiverFloodingRiskAttribute.uro:rank,,荒川水系神田川、善福寺川、妙正寺川洪水浸水想定区域図,東京都,2018-03-30,001,"JGD2000/（B,L）",,
,wtr:WaterBody,,uro:WaterBodyRiverFloodingRiskAttribute.uro:rank,,隅田川及び新河岸川流域浸水予想区域図,都市型水害対策連絡会（隅田川及び新河岸川流域）,2018-03-30,001,"JGD2000/（B,L）",,
,wtr:WaterBody,,uro:WaterBodyRiverFloodingRiskAttribute.uro:adminType,,神田川流域浸水予想区域図,都市型水害対策連絡会（神田川流域）,2018-03-30,001,"JGD2000/（B,L）",,
,wtr:WaterBody,,uro:WaterBodyRiverFloodingRiskAttribute.uro:adminType,,荒川水系神田川、善福寺川、妙正寺川洪水浸水想定区域図,東京都,2018-03-30,001,"JGD2000/（B,L）",,
,wtr:WaterBody,,uro:WaterBodyRiverFloodingRiskAttribute.uro:adminType,,隅田川及び新河岸川流域浸水予想区域図,都市型水害対策連絡会（隅田川及び新河岸川流域）,2018-03-30,001,"JGD2000/（B,L）",,
,wtr:WaterBody,,uro:WaterBodyRiverFloodingRiskAttribute.uro:scale,,神田川流域浸水予想区域図,都市型水害対策連絡会（神田川流域）,2018-03-30,001,"JGD2000/（B,L）",,
,wtr:WaterBody,,uro:WaterBodyRiverFloodingRiskAttribute.uro:scale,,荒川水系神田川、善福寺川、妙正寺川洪水浸水想定区域図,東京都,2018-03-30,001,"JGD2000/（B,L）",,
,wtr:WaterBody,,uro:WaterBodyRiverFloodingRiskAttribute.uro:scale,,隅田川及び新河岸川流域浸水予想区域図,都市型水害対策連絡会（隅田川及び新河岸川流域）,2018-03-30,001,"JGD2000/（B,L）",,
,wtr:WaterBody,,uro:floodingRiskAttribute.uro:WaterBodyHighTideRiskAttribute.uro:description,,東京都高潮浸水想定区域,東京都（港湾局、建設局）,2022-04-13,003,"JGD2011/9（X,Y）",,https://www.kouwan.metro.tokyo.lg.jp/yakuwari/takashio/shinsuisoutei.html
,wtr:WaterBody,,uro:floodingRiskAttribute.uro:WaterBodyHighTideRiskAttribute.uro:rank,,東京都高潮浸水想定区域,東京都（港湾局、建設局）,2022-04-13,003,"JGD2011/9（X,Y）",,https://www.kouwan.metro.tokyo.lg.jp/yakuwari/takashio/shinsuisoutei.html
,urf:SedimentDisasterProneArea,,urf:validFrom,,東京都土砂災害警戒区域データ,東京都,2023,001,"JGD2011/9（X,Y）",2500,
,urf:SedimentDisasterProneArea,,urf:validFromType,,東京都土砂災害警戒区域データ,東京都,2023,001,"JGD2011/9（X,Y）",2500,
,urf:SedimentDisasterProneArea,,urf:location,,東京都土砂災害警戒区域データ,東京都,2023,001,"JGD2011/9（X,Y）",2500,
,urf:SedimentDisasterProneArea,,urf:disasterType,,東京都土砂災害警戒区域データ,東京都,2023,001,"JGD2011/9（X,Y）",2500,
,urf:SedimentDisasterProneArea,,urf:areaType,,東京都土砂災害警戒区域データ,東京都,2023,001,"JGD2011/9（X,Y）",2500,
,urf:SedimentDisasterProneArea,,urf:zoneNumber,,東京都土砂災害警戒区域データ,東京都,2023,001,"JGD2011/9（X,Y）",2500,
,urf:SedimentDisasterProneArea,,urf:zoneName,,東京都土砂災害警戒区域データ,東京都,2023,001,"JGD2011/9（X,Y）",2500,
,urf:SedimentDisasterProneArea,,urf:status,,東京都土砂災害警戒区域データ,東京都,2023,001,"JGD2011/9（X,Y）",2500,
,urf:UseDistrict,,urf:function,,都市計画決定情報GISデータ,東京都,2021,001,"JGD2011/9（X,Y）",2500,
,urf:UseDistrict,,urf:validFrom,,都市計画決定情報GISデータ,東京都,2021,001,"JGD2011/9（X,Y）",2500,
,urf:UseDistrict,,urf:validFromType,,都市計画決定情報GISデータ,東京都,2021,001,"JGD2011/9（X,Y）",2500,
,urf:UseDistrict,,urf:custodian,,都市計画決定情報GISデータ,東京都,2021,001,"JGD2011/9（X,Y）",2500,
,urf:UseDistrict,,urf:notificationNumber,,都市計画決定情報GISデータ,東京都,2021,001,"JGD2011/9（X,Y）",2500,
,urf:UseDistrict,,urf:finalNotificationNumber,,都市計画決定情報GISデータ,東京都,2021,001,"JGD2011/9（X,Y）",2500,
,urf:UseDistrict,,urf:finalNotificationDate,,都市計画決定情報GISデータ,東京都,2021,001,"JGD2011/9（X,Y）",2500,
,urf:UseDistrict,,urf:location,,土地利用現況調査（東京都）（2022年度）,東京都,2022,001,"JGD2011/9（X,Y）",2500,
,urf:UseDistrict,,urf:floorAreaRate,,都市計画決定情報GISデータ,東京都,2021,001,"JGD2011/9（X,Y）",2500,
,urf:UseDistrict,,urf:minimumSiteArea,,都市計画決定情報GISデータ,東京都,2021,001,"JGD2011/9（X,Y）",2500,
,urf:UseDistrict,,urf:buildingCoverageRate,,都市計画決定情報GISデータ,東京都,2021,001,"JGD2011/9（X,Y）",2500,
,urf:UseDistrict,,urf:wallSetbackDistance,,都市計画決定情報GISデータ,東京都,2021,001,"JGD2011/9（X,Y）",2500,
,urf:UseDistrict,,urf:buildingHeightLimits,,都市計画決定情報GISデータ,東京都,2021,001,"JGD2011/9（X,Y）",2500,
,urf:HeightControlDistrict,,urf:function,,都市計画決定情報GISデータ,東京都,2021,001,"JGD2011/9（X,Y）",2500,
,urf:HeightControlDistrict,,urf:validFrom,,都市計画決定情報GISデータ,東京都,2021,001,"JGD2011/9（X,Y）",2500,
,urf:HeightControlDistrict,,urf:validFromType,,都市計画決定情報GISデータ,東京都,2021,001,"JGD2011/9（X,Y）",2500,
,urf:HeightControlDistrict,,urf:custodian,,都市計画決定情報GISデータ,東京都,2021,001,"JGD2011/9（X,Y）",2500,
,urf:HeightControlDistrict,,urf:notificationNumber,,都市計画決定情報GISデータ,東京都,2021,001,"JGD2011/9（X,Y）",2500,
,urf:HeightControlDistrict,,urf:finalNotificationNumber,,都市計画決定情報GISデータ,東京都,2021,001,"JGD2011/9（X,Y）",2500,
,urf:HeightControlDistrict,,urf:finalNotificationDate,,都市計画決定情報GISデータ,東京都,2021,001,"JGD2011/9（X,Y）",2500,
,urf:HeightControlDistrict,,urf:location,,土地利用現況調査（東京都）（2022年度）,東京都,2022,001,"JGD2011/9（X,Y）",2500,
,urf:HeightControlDistrict,,urf:maximumBuildingHeight,,都市計画決定情報GISデータ,東京都,2021,001,"JGD2011/9（X,Y）",2500,
,urf:HeightControlDistrict,,urf:minimumBuildingHeight,,都市計画決定情報GISデータ,東京都,2021,001,"JGD2011/9（X,Y）",2500,
,urf:FirePreventionDistrict,,urf:function,,都市計画決定情報GISデータ,東京都,2021,001,"JGD2011/9（X,Y）",2500,
,urf:FirePreventionDistrict,,urf:usage,,都市計画決定情報GISデータ,東京都,2021,001,"JGD2011/9（X,Y）",2500,
,urf:FirePreventionDistrict,,urf:validFrom,,都市計画決定情報GISデータ,東京都,2021,001,"JGD2011/9（X,Y）",2500,
,urf:FirePreventionDistrict,,urf:validFromType,,都市計画決定情報GISデータ,東京都,2021,001,"JGD2011/9（X,Y）",2500,
,urf:FirePreventionDistrict,,urf:custodian,,都市計画決定情報GISデータ,東京都,2021,001,"JGD2011/9（X,Y）",2500,
,urf:FirePreventionDistrict,,urf:notificationNumber,,都市計画決定情報GISデータ,東京都,2021,001,"JGD2011/9（X,Y）",2500,
,urf:FirePreventionDistrict,,urf:finalNotificationNumber,,都市計画決定情報GISデータ,東京都,2021,001,"JGD2011/9（X,Y）",2500,
,urf:FirePreventionDistrict,,urf:finalNotificationDate,,都市計画決定情報GISデータ,東京都,2021,001,"JGD2011/9（X,Y）",2500,
,urf:FirePreventionDistrict,,urf:lod1MultiSurface,,都市計画決定情報GISデータ,東京都,2021,001,"JGD2011/9（X,Y）",2500,
,urf:FirePreventionDistrict,,urf:location,,土地利用現況調査（東京都）（2022年度）,東京都,2022,001,"JGD2011/9（X,Y）",2500,
,urf:ProductiveGreenZone,,urf:city,,都市計画決定情報GISデータ（東京都）（2023年度）,東京都,2023,001,"JGD2011/9（X,Y）",2500,https://www.city.higashimurayama.tokyo.jp/shisei/machi/toshikeikaku/tochiriyou.html
,urf:ProductiveGreenZone,,urf:custodian,,都市計画決定情報GISデータ（東京都）（2023年度）,東京都,2023,001,"JGD2011/9（X,Y）",2500,https://www.city.higashimurayama.tokyo.jp/shisei/machi/toshikeikaku/tochiriyou.html
,urf:ProductiveGreenZone,,urf:function,,都市計画決定情報GISデータ（東京都）（2023年度）,東京都,2023,001,"JGD2011/9（X,Y）",2500,https://www.city.higashimurayama.tokyo.jp/shisei/machi/toshikeikaku/tochiriyou.html
,urf:ProductiveGreenZone,,urf:note,,都市計画決定情報GISデータ（東京都）（2023年度）,東京都,2023,001,"JGD2011/9（X,Y）",2500,https://www.city.higashimurayama.tokyo.jp/shisei/machi/toshikeikaku/tochiriyou.html
,urf:ProductiveGreenZone,,urf:notificationNumber,,都市計画決定情報GISデータ（東京都）（2023年度）,東京都,2023,001,"JGD2011/9（X,Y）",2500,https://www.city.higashimurayama.tokyo.jp/shisei/machi/toshikeikaku/tochiriyou.html
,urf:ProductiveGreenZone,,urf:prefecture,,都市計画決定情報GISデータ（東京都）（2023年度）,東京都,2023,001,"JGD2011/9（X,Y）",2500,https://www.city.higashimurayama.tokyo.jp/shisei/machi/toshikeikaku/tochiriyou.html
,urf:ProductiveGreenZone,,urf:validFrom,,都市計画決定情報GISデータ（東京都）（2023年度）,東京都,2023,001,"JGD2011/9（X,Y）",2500,https://www.city.higashimurayama.tokyo.jp/shisei/machi/toshikeikaku/tochiriyou.html
,urf:ProductiveGreenZone,,urf:validFromType,,都市計画決定情報GISデータ（東京都）（2023年度）,東京都,2023,001,"JGD2011/9（X,Y）",2500,https://www.city.higashimurayama.tokyo.jp/shisei/machi/toshikeikaku/tochiriyou.html
,app:Appearance,,app:theme,,航空写真測量（国際航業）（2020年度）（東京都）（2023年度）,国際航業 ; 東京都,20202023,001,,,
,app:Appearance,,app:surfaceDataMember,,航空写真測量（国際航業）（2020年度）（東京都）（2023年度）,国際航業 ; 東京都,20202023,001,,,
,app:ParameterizedTexture,,app:isFront,,航空写真測量（国際航業）（2020年度）（東京都）（2023年度）,国際航業 ; 東京都,20202023,001,,,
,app:ParameterizedTexture,,app:imageURI,,航空写真測量（国際航業）（2020年度）（東京都）（2023年度）,国際航業 ; 東京都,20202023,001,,,
,app:ParameterizedTexture,,app:mimeType,,航空写真測量（国際航業）（2020年度）（東京都）（2023年度）,国際航業 ; 東京都,20202023,001,,,
,app:ParameterizedTexture,,app:target.app:textureCoodeinates,,航空写真測量（国際航業）（2020年度）（東京都）（2023年度）,国際航業 ; 東京都,20202023,001,,,
,brid:Bridge,,brid:lod1Solid,,縮尺1／2500地形図（東京都・ミッドマップ東京）（2021年度）（撮影2018年度）,東京都;ミッドマップ東京,2021,001,,,
,brid:Bridge,,brid:lod2MultiSurface,,国土基本情報（2023年度）（国土地理院長承認（使用）令05企指公第67号）,国土地理院,2023,002,,,
,brid:Bridge,,brid:lod3MultiSurface,,航空写真測量（国際航業）（2020年度）（東京都）（2023年度）,東京都,2023,001,,,
,frn:CityFurniture,,frn:class,,縮尺1／2500地形図（東京都・ミッドマップ東京）（2015年度）（撮影2012年度）,東京都;ミッドマップ東京,2015,001,"JGD2011/9（X,Y）",2500,
,frn:CityFurniture,,frn:function,,国土基本情報（2023年度）（国土地理院長承認（使用）令05企指公第67号）,国土地理院,2023,002,"JGD2000/（B,L）",2500;25000,https://net.jmc.or.jp/mapdata/gsi_online/dkg.html
,frn:CityFurniture,,frn:lod1Geometry,,航空レーザー測量（東京都）（2023年度）,東京都,2023,001,"JGD2011/9（X,Y）",,
,frn:CityFurniture,,frn:lod3Geometry,,MMS点群データ（東京都）（2021、2022年度）,東京都,20212022,001,"JGD2011/9（X,Y）",,
,veg:SolitaryVegetationObject,,veg:lod1Geometry,,航空レーザー測量（東京都）（2023年度）,東京都,2023,001,"JGD2011/9（X,Y）",,
,veg:SolitaryVegetationObject,,veg:lod2Geometry,,MMS点群データ（東京都）（2021、2022年度）,東京都,20212022,001,"JGD2011/9（X,Y）",,
,veg:SolitaryVegetationObject,,veg:lod3Geometry,,MMS点群データ（東京都）（2021、2022年度）,東京都,20212022,001,"JGD2011/9（X,Y）",,
,veg:PlantCover,,veg:lod1MultiSurface,,航空レーザー測量（東京都）（2023年度）,東京都,2023,001,"JGD2011/9（X,Y）",,
,veg:PlantCover,,veg:lod2MultiSurface,,MMS点群データ（東京都）（2021、2022年度）,東京都,20212022,001,"JGD2011/9（X,Y）",,
,veg:PlantCover,,veg:lod3MultiSurface,,MMS点群データ（東京都）（2021、2022年度）,東京都,20212022,001,"JGD2011/9（X,Y）",,
